system_package,profiles,frames,sashes,mullions,flying_mullions,standardoperations_rows,standart_rows,profset_rows,top_catalogs,status
Altest,2154.0,63.0,66.0,20.0,11.0,197.0,217.0,313.0,"GU:364, ALTEST:326, SIEGENIA:311, ENDOW:113",AVAILABLE
Baufen,208.0,16.0,27.0,11.0,0.0,0.0,20.0,220.0,"LL:99, Baufen:56, Bultem:10, 84TH:6",AVAILABLE
Profilink16,705.0,25.0,20.0,8.0,15.0,0.0,178.0,311.0,"PROFILINK:283, WINKHAUS:147, AL Orbis:122, FLUXIS:62, Sutters:40",AVAILABLE
ProfilinkEN,451.0,15.0,19.0,7.0,0.0,0.0,75.0,97.0,"PROFILINK:287, WINKHAUS:147",AVAILABLE
Schuco,222.0,13.0,6.0,6.0,0.0,0.0,246.0,56.0,Schuco:209,AVAILABLE
VivaPlast,544.0,19.0,32.0,16.0,0.0,0.0,67.0,71.0,"Viva Plast:245, Vivaplast:74, Viva Alum.:62, Viva alum.:19",AVAILABLE
WeissProfil2018_113,2059.0,39.0,41.0,19.0,9.0,0.0,282.0,266.0,"GR14-AGB:264, GR10-GIESSE:232, GR8-S.ACCESS:221, GR11-TGP:215, GR4-COLD:153",AVAILABLE
PremiumPlast,,,,,,,,,,LOCKED_MDB_PASSWORD
UIUT-STIL,,,,,,,,,,LOCKED_MDB_PASSWORD
